BOFEK2012,Opp-Aandeel (%) ,Bodem-nr,Eenheid,Gebruik,Laag_nr,Hor_code,Diepte_b,Diepte_o,Orgstof,Orgstof_p10,Orgstof_p90,Lutum (<2),lutum_p10,Lutum_p90,Silt (2-50),Leem (<50),Leem_p10,Leem_p90,M50,M50_p10,M50_p90,pH-KCl,pH_p10,pH_p90,CaC03,Dichtheid,Materiaal,A=0 of 1,Staring bouwsteen,Opmerking,
101,18,1050,hVc,G,1,1Ahg,0,15,35.0,25.0,50.0,40,30,60,40,80,70,100,110,90,130,4.9,4.5,5.5,0.1,0.477,110,1,B17,,
101,18,1050,hVc,G,2,1AC,15,30,50.0,30.0,70.0,60,40,70,35,95,80,100,110,90,130,5.0,4.5,5.5,0.1,0.436,110,0,O17,,
101,18,1050,hVc,G,3,1Cw,30,50,75.0,40.0,90.0,18,6,30,57,75,45,85,125,110,140,5.1,4.7,5.5,0.0,0.232,130,0,O17,,
101,18,1050,hVc,G,4,1Cu,50,120,80.0,40.0,90.0,18,6,30,57,75,45,85,125,110,140,5.1,4.7,5.5,0.0,0.226,130,0,O17,,
102,53,1070,hVz,G,1,1Ahg,0,20,35.0,25.0,50.0,25,15,50,45,70,50,90,150,130,180,5.0,4.5,5.5,0.0,0.477,110,1,B17,,
102,53,1070,hVz,G,2,1Cw,20,40,70.0,30.0,80.0,18,6,30,57,75,45,85,125,110,140,5.1,4.7,5.5,0.0,0.238,110,0,O17,,
102,53,1070,hVz,G,3,1Cu,40,80,75.0,40.0,90.0,18,6,30,57,75,45,85,125,110,140,5.1,4.7,5.5,0.0,0.232,130,0,O17,,
102,53,1070,hVz,G,4,2Cu1,80,100,20.0,10.0,50.0,8,4,12,27,35,15,50,140,130,160,5.1,4.7,5.5,0.0,0.252,410,0,O18,,
102,53,1070,hVz,G,5,2Cu2,100,120,2.0,0.5,5.0,4,2,8,12,16,10,25,160,140,180,5.2,4.7,5.5,0.0,1.537,410,0,O2,,
103,52,1100,aVz,G,1,1Apg,0,20,35.0,25.0,50.0,6,4,10,14,20,10,30,150,130,180,4.9,4.5,5.5,0.0,0.56,110,1,B16,,
103,52,1100,aVz,G,2,1Cw,20,50,75.0,40.0,85.0,18,6,30,57,75,45,85,125,110,140,5.1,4.7,5.5,0.0,0.232,130,0,O17,,
103,52,1100,aVz,G,3,1Cu,50,70,80.0,40.0,85.0,18,6,30,57,75,45,85,125,110,140,5.1,4.7,5.5,0.0,0.226,130,0,O17,,
103,52,1100,aVz,G,4,2Cu,70,120,0.5,0.2,7.0,3,2,8,9,12,8,30,160,140,180,5.1,4.7,5.5,0.0,1.655,410,0,O2,,
104,100,1111,faVzt,G,1,1Apg,0,20,35.0,25.0,50.0,8,4,15,22,30,20,40,150,130,180,4.9,4.5,5.5,0.0,0.477,110,1,B16,,
104,100,1111,faVzt,G,2,1Cw,20,50,75.0,40.0,85.0,18,6,30,57,75,45,85,125,110,140,5.1,4.7,5.5,0.0,0.232,130,0,O17,,
104,100,1111,faVzt,G,3,1Cu,50,70,80.0,40.0,85.0,18,6,30,57,75,45,85,125,110,140,5.1,4.7,5.5,0.0,0.226,130,0,O17,,
104,100,1111,faVzt,G,4,2Cu,70,90,0.5,0.2,7.0,3,2,8,9,12,8,30,160,140,180,5.1,4.7,5.5,0.0,1.655,410,0,O2,,
104,100,1111,faVzt,G,5,3Cu,90,120,0.5,0.2,4.0,8,4,12,47,55,40,70,130,120,160,5.1,4.7,5.5,0.0,1.396,410,0,O14,,
105,25,1200,kVs,G,1,1Ahg,0,8,20.0,15.0,30.0,60,40,70,30,90,70,100,110,90,130,4.9,4.5,5.5,0.0,0.641,210,1,B17,,
105,25,1200,kVs,G,2,1Cwg,8,30,10.0,5.0,30.0,60,40,70,30,90,70,100,110,90,130,4.9,4.5,5.5,0.0,0.918,210,0,O13,,
105,25,1200,kVs,G,3,2Cw,30,60,75.0,60.0,90.0,22,10,60,38,60,40,80,110,90,130,3.6,3.2,4.0,0.0,0.232,160,0,O16,,
105,25,1200,kVs,G,4,2Cu,60,120,90.0,70.0,95.0,8,4,20,22,30,12,50,130,100,150,3.2,3.0,4.0,0.0,0.215,160,0,O16,,
106,49,1255,zVz,G,1,1Ap,0,25,2.0,0.5,3.0,3,1,5,52,55,30,70,80,70,100,7.4,7.1,7.8,5.0,1.117688968,430,1,B4,,
106,49,1255,zVz,G,2,2Cw,25,40,70.0,40.0,85.0,8,6,20,22,30,10,40,140,110,160,5.1,4.7,5.5,0.0,0.238,130,0,O17,,
106,49,1255,zVz,G,3,2Cu,40,75,75.0,40.0,85.0,8,6,20,22,30,10,40,140,110,160,5.1,4.7,5.5,0.0,0.232,130,0,O17,,
106,49,1255,zVz,G,4,3Cu,75,120,1.0,0.1,5.0,2,1,4,8,10,5,20,160,140,180,5.1,4.7,5.5,0.0,1.635,410,0,O2,,
107,56,1281,Vs,G,1,1Ahg,0,10,65.0,50.0,70.0,40,20,60,35,75,40,90,110,80,130,5.0,4.5,5.3,0.0,0.471,110,1,B18,,
107,56,1281,Vs,G,2,1Cw,10,40,80.0,50.0,90.0,40,20,60,35,75,40,90,110,80,130,4.4,4.0,5.0,0.0,0.226,160,0,O16,,
107,56,1281,Vs,G,3,1Cu,40,120,87.0,60.0,95.0,22,10,60,38,60,40,80,110,90,130,3.6,3.2,4.0,0.0,0.219,160,0,O16,,
108,72,1310,Vz,G,1,1Ah,0,12,40.0,20.0,60.0,10,4,20,10,20,10,35,135,120,160,4.8,4.2,5.0,0.0,0.462,110,1,B16,,
108,72,1310,Vz,G,2,1Cw,12,35,70.0,60.0,90.0,10,6,30,10,20,10,35,125,110,140,4.7,4.2,5.0,0.0,0.238,130,0,O17,,
108,72,1310,Vz,G,3,1Cu,35,85,85.0,60.0,90.0,10,6,30,10,20,10,35,125,110,140,4.7,4.2,5.0,0.0,0.221,130,0,O17,,
108,72,1310,Vz,G,4,2Cu,85,120,0.5,0.1,5.0,3,1,4,9,12,6,20,160,140,180,4.7,4.2,5.2,0.0,1.655,410,0,O2,,
109,33,1340,iVz,A,1,1Aap,0,20,15.0,5.0,30.0,4,2,8,11,15,8,20,145,130,160,4.9,4.5,5.1,0.0,0.64,692,1,B15,,
109,33,1340,iVz,A,2,1Cw,20,45,85.0,60.0,90.0,4,2,6,4,8,4,10,140,130,170,4.0,3.6,4.9,0.0,0.221,130,0,O17,,
109,33,1340,iVz,A,3,1Cu,45,70,82.0,60.0,90.0,4,2,6,4,8,4,10,140,130,170,4.0,3.2,4.9,0.0,0.224,130,0,O17,,
109,33,1340,iVz,A,4,2Ahb,70,85,8.0,5.0,15.0,6,4,15,24,30,10,45,130,110,180,4.7,4.2,5.2,0.0,1.234,410,0,O3,,
109,33,1340,iVz,A,5,2Cu,85,120,0.4,0.1,6.0,3,1,4,7,10,6,20,130,110,180,4.7,4.2,5.2,0.0,1.639,410,0,O2,,
110,51,1350,iVp,A,1,1Aap,0,20,15.0,5.0,30.0,3,2,6,9,12,8,20,145,130,180,4.6,4.0,5.0,0.0,0.64,692,1,B15,,
110,51,1350,iVp,A,2,1Cw,20,55,93.0,70.0,98.0,4,2,6,4,8,4,10,140,130,170,3.4,3.2,4.5,0.0,0.167,150,0,O16,,
110,51,1350,iVp,A,3,2Ahb,55,70,5.0,4.0,15.0,5,3,10,9,14,6,25,135,110,180,4.7,4.2,5.2,0.0,1.376,410,0,O2,,
110,51,1350,iVp,A,4,2Bhb,70,90,8.0,3.0,15.0,3,2,6,5,8,6,20,140,110,180,4.7,4.2,5.2,0.0,1.346,410,0,O1 ,,
110,51,1350,iVp,A,5,2Cu,90,120,0.4,0.1,3.0,3,2,6,5,8,6,20,140,110,180,4.7,4.2,5.2,0.0,1.658,410,0,O1 ,,
201,51,2080,Wo,G,1,1Apg,0,20,30.0,20.0,40.0,45,25,50,43,88,70,95,110,90,140,5.6,5.0,6.0,0.1,0.599,210,1,B17,,
201,51,2080,Wo,G,2,1Cwg,20,30,60.0,30.0,70.0,45,25,50,43,88,70,95,110,90,140,5.6,5.0,6.0,0.1,0.251,110,0,O18,,
201,51,2080,Wo,G,3,2Cg,30,70,3.0,1.0,10.0,46,25,55,49,95,70,100,110,90,140,6.2,5.0,7.0,0.3,1.214,210,0,O12,,
201,51,2080,Wo,G,4,2Cri,70,120,2.0,1.0,10.0,38,25,55,57,95,70,100,110,90,140,7.0,5.0,7.2,1.1,1.291,210,0,O12,,
202,51,2010,kWp,G,1,1Apg,0,8,12.0,5.0,20.0,20,15,40,25,45,40,65,155,130,180,5.0,4.8,6.0,0.0,0.976,210,1,B9,,
202,51,2010,kWp,G,2,1Apg,8,15,8.0,5.0,20.0,20,15,40,25,45,40,65,155,130,180,5.0,4.8,6.0,0.0,1.174,210,1,B9,,
202,51,2010,kWp,G,3,1Cwg,15,30,3.0,2.0,10.0,26,15,45,34,60,40,80,155,130,180,5.2,4.8,6.0,0.0,1.343,210,0,O11,,
202,51,2010,kWp,G,4,2Cw,30,50,65.0,30.0,80.0,18,6,30,57,75,45,85,150,130,180,5.2,4.2,6.0,0.0,0.244,110,0,O18,,
202,51,2010,kWp,G,5,3Ahb,50,60,10.0,5.0,20.0,8,4,15,27,35,20,50,140,130,180,5.0,4.5,6.0,0.0,1.172,410,0,O4,,
202,51,2010,kWp,G,6,3Bhb,60,80,4.0,2.0,12.0,4,2,6,8,12,8,20,160,130,180,5.0,4.5,6.0,0.0,1.496,410,0,O2,,
202,51,2010,kWp,G,7,3Cu,80,120,0.4,0.1,2.0,3,2,5,5,8,5,20,160,130,180,5.0,4.5,6.0,0.0,1.668,410,0,O1,,
203,31,2060,iWp,A,1,1Aap,0,20,13.0,5.0,30.0,4,2,8,8,12,8,20,145,130,170,4.6,4.0,5.0,0.0,1.152,692,1,B15,,
203,31,2060,iWp,A,2,2Cw1,20,30,85.0,60.0,95.0,3,2,8,5,8,4,10,140,130,170,3.6,3.2,4.2,0.0,0.173,150,0,O16,,
203,31,2060,iWp,A,3,2Cw2,30,40,90.0,60.0,95.0,3,2,8,5,8,4,10,140,130,170,3.6,3.2,4.2,0.0,0.169,150,0,O16,,
203,31,2060,iWp,A,4,3Ahb,40,50,4.0,1.0,10.0,4,2,8,12,16,8,30,130,120,170,3.6,3.2,4.2,0.0,1.401,410,0,O2,,
203,31,2060,iWp,A,5,3Bhb,50,70,5.0,1.0,10.0,3,1,6,9,12,8,20,135,120,170,3.8,3.2,4.5,0.0,1.443,410,0,O2,,
203,31,2060,iWp,A,6,3BCb,70,90,1.0,0.5,5.0,3,1,6,7,10,6,20,135,120,170,4.0,3.5,4.5,0.0,1.619,410,0,O2,,
203,31,2060,iWp,A,7,3Cu,90,120,0.3,0.1,2.0,3,1,6,5,8,6,20,135,120,170,4.2,3.8,5.0,0.0,1.657,410,0,O1 ,,
204,37,2070,iWpx,A,1,1Aap,0,20,13.0,5.0,30.0,6,2,10,14,20,8,25,145,130,170,4.6,4.0,5.0,0.0,1.14,692,1,B15,,
204,37,2070,iWpx,A,2,2Cw,20,30,85.0,60.0,95.0,3,2,8,5,8,4,10,140,130,170,3.6,3.2,4.2,0.0,0.173,150,0,O16,,
204,37,2070,iWpx,A,3,2Cw2,30,40,90.0,60.0,95.0,3,2,8,5,8,4,10,140,130,170,3.6,3.2,4.2,0.0,0.169,150,0,O16,,
204,37,2070,iWpx,A,4,3Ahb,40,50,4.0,1.0,10.0,4,2,8,12,16,8,30,160,140,190,3.6,3.2,4.2,0.0,1.419,410,0,O2 ,,
204,37,2070,iWpx,A,5,3Bhb,50,70,5.0,1.0,10.0,3,1,6,9,12,8,20,160,140,190,3.8,3.2,4.5,0.0,1.456,410,0,O2 ,,
204,37,2070,iWpx,A,6,3BCb,70,90,1.0,0.5,5.0,3,1,6,7,10,6,20,160,140,190,3.8,3.5,4.5,0.0,1.635,410,0,O2 ,,
204,37,2070,iWpx,A,7,4Cu,90,120,0.3,0.1,2.0,17,15,24,18,35,30,50,170,150,200,3.9,3.5,4.5,0.0,1.54,510,0,O6,,
205,54,2040,zWp,G,1,1Aap,0,20,9.0,2.0,15.0,4,2,8,9,13,8,20,160,140,180,4.8,4.2,5.5,0.0,1.26,692,1,B2,,
205,54,2040,zWp,G,2,2Cw,20,35,60.0,30.0,90.0,4,2,8,11,15,8,30,160,130,180,4.8,4.0,5.2,0.0,0.251,110,0,O18,,
205,54,2040,zWp,G,3,3Ahb,35,60,3.0,1.0,10.0,3,2,6,9,12,6,25,150,130,180,4.5,4.0,5.2,0.0,1.464,410,0,O2,,
205,54,2040,zWp,G,4,3Bhb,60,80,4.5,1.0,10.0,3,2,6,9,12,6,25,150,130,180,4.5,4.0,5.2,0.0,1.474,410,0,O2,,
205,54,2040,zWp,G,5,3BCb,80,100,2.0,0.5,5.0,3,2,6,5,8,6,25,150,130,180,4.5,4.0,5.2,0.0,1.588,410,0,O1 ,,
205,54,2040,zWp,G,6,3Cu,100,120,0.3,0.1,2.0,3,2,6,5,8,6,25,150,130,180,4.5,4.0,5.2,0.0,1.671,410,0,O1 ,,
206,90,2050,zWpx,G,1,1Aap,0,20,10.0,2.0,15.0,4,2,8,11,15,8,20,160,140,180,4.8,4.2,5.5,0.0,1.229,692,1,B2,,
206,90,2050,zWpx,G,2,2Cw,20,35,60.0,30.0,90.0,4,2,8,11,15,8,30,160,130,180,4.8,4.0,5.2,0.0,0.251,110,0,O18,,
206,90,2050,zWpx,G,3,3Ahb,35,60,3.0,1.0,10.0,3,2,6,9,12,6,25,150,130,180,4.3,3.7,5.2,0.0,1.464,410,0,O2,,
206,90,2050,zWpx,G,4,3Bhb,60,80,4.5,1.0,10.0,3,2,6,9,12,6,25,150,130,180,4.3,3.7,5.2,0.0,1.474,410,0,O2,,
206,90,2050,zWpx,G,5,3BCb,80,100,2.0,0.5,5.0,3,2,6,5,8,6,25,150,130,180,4.3,3.7,5.2,0.0,1.588,410,0,O1 ,,
206,90,2050,zWpx,G,6,3Cu,100,120,0.2,0.1,0.8,20,12,22,15,35,30,50,170,160,200,4.1,3.6,5.5,0.0,1.529,510,0,O6,,
301,82,4140,Hd21,B,1,1Ah,0,8,4.6,2.0,8.0,3,1,4,6,9,5,15,170,150,200,3.4,2.9,4.0,0.0,1.408105776,410,1,B1,,
301,82,4140,Hd21,B,2,1Eu,8,15,2.1,0.5,5.0,3,1,4,6,9,5,15,170,150,200,3.5,3.2,4.0,0.0,1.581843172,410,0,O1,,
301,82,4140,Hd21,B,3,1Bhs,15,30,4.2,1.0,12.0,3,1,4,6,9,5,15,170,150,200,4.2,4.0,4.8,0.0,1.490726368,410,0,O1,,
301,82,4140,Hd21,B,4,1BCy,30,50,0.8,0.3,2.0,3,1,4,5,8,5,15,170,150,200,4.5,4.0,4.8,0.0,1.645695024,410,0,O1,,
301,82,4140,Hd21,B,5,1Cy,50,120,0.3,0.1,1.0,2,1,4,4,6,5,15,180,150,200,4.6,4.0,4.8,0.0,1.66771993,410,0,O1,,
302,68,10240,Zd21,B,1,1Ah,0,6,3.0,1.0,10.0,2,1,4,3,5,4,10,170,150,200,3.4,3.0,4.4,0.0,1.47333696,450,1,B1,,
302,68,10240,Zd21,B,2,1Eu,6,10,1.2,0.3,2.0,2,1,4,3,5,4,10,170,150,200,3.4,3.0,4.4,0.0,1.629696032,450,0,O1,,
302,68,10240,Zd21,B,3,1Bhe,10,15,1.8,0.5,3.0,2,1,4,3,5,4,10,170,150,200,4.2,3.5,4.8,0.0,1.600893014,450,0,O1,,
302,68,10240,Zd21,B,4,1Cu,15,120,0.2,0.2,1.5,2,1,4,3,5,4,10,170,150,200,4.5,4.0,5.0,0.0,1.680075459,450,0,O1,,
303,83,10190,kZn21,G,1,1Apg,0,15,6.0,1.0,10.0,20,8,30,15,35,20,60,170,150,180,4.9,4.6,5.5,0.0,1.267537593,340,1,B9,,
303,83,10190,kZn21,G,2,1Cg,15,35,1.8,0.5,5.0,18,8,30,12,30,20,60,170,150,180,4.9,4.6,5.5,0.0,1.445660623,340,0,O10,,
303,83,10190,kZn21,G,3,2Cu,35,120,0.3,0.1,2.0,3,2,6,4,7,4,14,160,130,180,5.0,4.6,5.5,0.0,1.674983132,410,0,O1,,
304,99,4010,Hn21,A,1,1Ap,0,25,5.4,2.0,7.0,3,2,4,10,13,6,16,160,130,200,4.8,4.2,5.2,0.0,1.375228028,410,1,B2,,
304,99,4010,Hn21,A,2,1Bhe,25,40,2.2,0.8,5.0,3,2,4,8,11,6,16,160,130,200,4.5,4.0,5.0,0.0,1.575905892,410,0,O2,,
304,99,4010,Hn21,A,3,1BCe,40,60,1.0,0.4,2.0,3,2,4,8,11,6,16,160,130,200,4.5,4.0,5.0,0.0,1.63271795,410,0,O2,,
304,99,4010,Hn21,A,4,1Cg,60,120,0.3,0.1,1.0,3,2,4,6,9,6,20,160,130,200,4.7,4.5,5.0,0.0,1.671778806,410,0,O1,,
305,60,4020,Hn21g,G,1,1Ap,0,25,5.0,2.0,8.0,3,2,4,8,11,6,16,170,150,200,4.8,4.2,5.2,0.0,1.390889605,410,1,B2,,
305,60,4020,Hn21g,G,2,1Bhe,25,35,2.4,0.8,5.0,2,1,4,7,9,6,16,170,150,200,4.5,4.0,5.0,0.0,1.568150436,410,0,O1,,
305,60,4020,Hn21g,G,3,1BCe,35,55,1.0,0.4,2.0,2,1,4,7,9,6,16,170,140,200,4.5,4.0,5.0,0.0,1.634163373,410,0,O1,,
305,60,4020,Hn21g,G,4,1Cg1,55,90,0.3,0.1,1.0,2,1,4,7,9,6,16,170,140,200,4.7,4.0,5.0,0.0,1.669298815,410,0,O1,,
305,60,4020,Hn21g,G,5,1Cg2,90,120,0.3,0.1,1.0,2,1,4,5,7,4,12,250,200,500,4.7,4.0,5.0,0.0,1.576362957,410,0,O5,,
306,82,4031,Hn21t,G,1,1Ap,0,20,5.7,2.0,10.0,3,2,8,9,12,6,16,170,150,200,4.8,4.2,5.2,0.0,1.364876911,410,1,B2,,
306,82,4031,Hn21t,G,2,1Bhe,20,40,2.2,0.8,5.0,3,2,8,9,12,6,16,170,150,200,4.4,4.2,5.0,0.0,1.571667732,410,0,O2,,
306,82,4031,Hn21t,G,3,1BC,40,50,0.8,0.4,2.0,3,2,8,9,12,6,16,170,150,200,4.4,4.2,5.0,0.0,1.637983391,410,0,O2,,
306,82,4031,Hn21t,G,4,1Cg,50,100,0.3,0.1,1.0,3,2,8,12,15,6,30,150,130,200,4.6,4.2,5.0,0.0,1.655422582,410,0,O2,,
306,82,4031,Hn21t,G,5,2Cg,100,120,0.3,0.1,2.0,15,8,30,40,55,45,90,130,100,150,4.7,4.2,5.0,0.0,1.559165957,420,0,O14,,
307,49,4040,kHn21,G,1,1Ap,0,20,8.0,3.0,12.0,13,8,35,22,35,25,50,155,130,180,5.4,4.5,6.5,0.0,1.213312679,410,1,B8,,
307,49,4040,kHn21,G,2,1Cg,20,35,3.0,1.0,6.0,18,8,35,22,40,25,50,155,130,180,5.4,4.5,7.0,0.0,1.403023799,410,0,O9,,
307,49,4040,kHn21,G,3,2Ahb,35,45,7.0,2.0,12.0,4,2,8,10,14,6,25,155,130,180,5.0,4.2,6.0,0.0,1.377970234,410,0,O2,,
307,49,4040,kHn21,G,4,2Bheb,45,70,0.8,0.3,3.0,3,2,6,5,8,4,25,160,130,180,5.0,4.2,5.5,0.0,1.648105326,410,0,O1,,
307,49,4040,kHn21,G,5,2Cu,70,120,0.3,0.1,1.0,2,2,4,6,8,4,25,160,130,180,5.0,4.2,5.5,0.0,1.673479576,410,0,O1,,
308,66,4041,kHn21x,G,1,1Ap,0,20,8.0,3.0,12.0,13,8,35,22,35,25,50,155,130,180,5.4,4.5,6.5,0.0,1.213312679,340,1,B8,,
308,66,4041,kHn21x,G,2,1Cg,20,35,3.0,1.0,6.0,18,8,35,22,40,25,50,155,130,180,5.4,4.5,7.0,0.0,1.403023799,340,0,O9,,
308,66,4041,kHn21x,G,3,2Ahb,35,45,7.0,2.0,12.0,4,2,8,10,14,6,25,155,130,180,5.0,4.2,6.0,0.0,1.377970234,410,0,O2,,
308,66,4041,kHn21x,G,4,2Bheb,45,70,0.8,0.3,3.0,3,2,6,5,8,4,25,160,130,180,5.0,4.2,5.5,0.0,1.648105326,410,0,O1,,
308,66,4041,kHn21x,G,5,2Cg,70,100,0.3,0.1,1.0,2,2,4,6,8,4,25,160,130,180,5.0,4.2,5.5,0.0,1.673479576,410,0,O1,,
308,66,4041,kHn21x,G,6,3Cg,100,120,0.3,0.1,1.0,15,10,25,20,35,30,50,170,150,200,5.0,4.2,5.5,0.0,1.559165957,510,0,O6,,
309,62,10010,pZg21,G,1,1Aap,0,20,5.5,3.0,8.0,4,3,6,10,14,8,18,170,150,200,4.8,4.5,5.2,0.0,1.368276711,692,1,B2,,
309,62,10010,pZg21,G,2,1ACg,20,30,2.5,1.0,5.0,4,3,6,10,14,8,16,170,150,200,5.0,4.8,6.0,0.0,1.480064302,410,1,B2,,
309,62,10010,pZg21,G,3,1Cg1,30,60,0.8,0.1,2.0,4,2,6,10,14,8,35,170,150,200,5.2,5.0,6.0,0.0,1.633009468,410,0,O2,,
309,62,10010,pZg21,G,4,1Cg2,60,120,0.3,0.1,2.0,3,2,6,6,9,6,35,170,150,200,5.6,5.0,6.0,0.0,1.669298815,410,0,O1,,
310,57,4090,cHn21,A,1,1Aap,0,25,4.4,3.0,7.0,4,2,6,7,11,8,16,160,140,180,4.7,4.5,5.0,0.0,1.414355824,692,1,B2,,
310,57,4090,cHn21,A,2,1Ahb,25,40,3.9,3.0,6.0,4,2,6,7,11,8,16,160,140,180,4.6,4.5,5.0,0.0,1.433002153,410,1,B2,,
310,57,4090,cHn21,A,3,1Bhb,40,60,1.4,0.5,3.0,3,1,4,5,8,6,16,160,140,180,4.5,4.0,5.0,0.0,1.618653787,410,0,O1,,
310,57,4090,cHn21,A,4,1BCb,60,75,0.6,0.3,1.0,3,1,4,5,8,6,16,160,140,180,4.6,4.0,5.0,0.0,1.658162125,410,0,O1,,
310,57,4090,cHn21,A,5,1Cu,75,120,0.3,0.1,1.0,3,1,4,5,8,6,16,160,140,180,4.7,4.0,5.0,0.0,1.673479576,410,0,O1,,
311,82,8060,zEZ21,A,1,1Aap,0,25,4.8,3.0,7.0,4,3,6,10,14,8,18,160,140,180,4.4,4.2,5.0,0.0,1.394549097,692,1,B2,,
311,82,8060,zEZ21,A,2,1Aa,25,75,4.8,3.0,7.0,4,3,6,8,12,8,18,160,140,180,4.2,4.0,4.8,0.0,1.398174833,692,1,B2,,
311,82,8060,zEZ21,A,3,1Ahb,75,90,3.9,2.0,7.0,4,3,6,8,12,6,18,160,140,180,4.2,4.0,4.8,0.0,1.431315183,410,1,B2,,
311,82,8060,zEZ21,A,4,1Bhs,90,105,1.7,0.5,5.0,3,2,6,7,10,6,18,160,140,180,4.4,4.0,4.8,0.0,1.601012614,410,0,O2,,
311,82,8060,zEZ21,A,5,1Cu,105,120,0.3,0.1,1.0,3,2,6,5,8,6,18,160,140,180,4.7,4.0,5.0,0.0,1.673479576,410,0,O1,,
312,44,4050,Hn23,G,1,1Ap,0,20,5.5,3.0,10.0,4,3,8,18,22,12,35,150,130,170,5.0,4.5,5.5,0.0,1.349496332,410,1,B3,,
312,44,4050,Hn23,G,2,1Bhe,20,40,3.5,0.8,7.0,4,3,8,16,20,12,35,150,130,170,4.5,4.2,5.0,0.0,1.494291735,410,0,O3,,
312,44,4050,Hn23,G,3,1BCe,40,55,1.1,0.4,3.0,4,3,8,14,18,12,35,150,130,170,4.6,4.2,5.0,0.0,1.606850054,410,0,O3,,
312,44,4050,Hn23,G,4,1Cg,55,120,0.3,0.1,1.0,3,2,8,11,14,8,35,150,120,170,4.6,4.0,5.0,0.0,1.658269399,410,0,O2,,
313,82,10030,pZg23,G,1,1Aap,0,20,5.2,3.0,10.0,6,4,8,17,23,15,35,150,130,180,5.0,4.6,5.2,0.0,1.418225665,692,1,B3,,
313,82,10030,pZg23,G,2,1ACg,20,30,2.4,1.0,5.0,6,4,8,17,23,15,35,150,130,180,5.0,4.6,5.5,0.0,1.458605353,410,1,B3,,
313,82,10030,pZg23,G,3,1Cg1,30,60,0.4,0.1,2.0,4,2,8,14,18,10,35,150,130,180,5.2,4.6,5.5,0.0,1.640808604,410,0,O3,,
313,82,10030,pZg23,G,4,1Cg2,60,120,0.3,0.1,2.0,3,2,6,8,11,6,35,160,130,180,5.6,4.6,7.0,0.0,1.667790597,410,0,O2,,
314,37,10061,pZg23t,G,1,1Aap,0,20,5.5,3.0,10.0,7,4,10,18,25,15,35,140,130,180,5.0,4.6,5.2,0.0,1.335203964,692,1,B3,,
314,37,10061,pZg23t,G,2,1ACg,20,30,2.4,1.0,5.0,7,4,10,18,25,15,35,140,130,180,5.0,4.6,5.5,0.0,1.51535989,410,0,O3,,
314,37,10061,pZg23t,G,3,1Cg1,30,50,0.4,0.1,2.0,7,4,10,18,25,15,35,140,130,180,5.0,4.6,5.5,0.0,1.604855022,410,0,O3,,
314,37,10061,pZg23t,G,4,1Cg2,50,90,0.3,0.1,2.0,5,4,8,17,22,10,35,140,130,180,5.0,4.6,5.5,0.0,1.622778397,410,0,O3,,
314,37,10061,pZg23t,G,5,2Cg,90,120,0.3,0.1,2.0,12,6,18,58,70,45,85,120,100,150,5.3,4.6,6.0,0.0,1.588704831,430,0,O14,,
315,63,4070,Hn23x,G,1,1Ap,0,20,5.9,3.0,12.0,5,3,8,19,24,12,35,150,130,180,5.0,4.5,5.5,0.0,1.330376129,410,1,B3,,
315,63,4070,Hn23x,G,2,1Bhe,20,40,3.8,0.8,12.0,5,3,8,19,24,12,35,150,130,180,4.5,4.2,5.0,0.0,1.468370295,410,0,O3,,
315,63,4070,Hn23x,G,3,1BCe,40,50,0.8,0.3,2.0,5,3,8,19,24,12,35,150,130,180,4.3,4.0,5.0,0.0,1.597885359,410,0,O3,,
315,63,4070,Hn23x,G,4,1Cg,50,90,0.3,0.1,1.0,5,3,8,9,14,8,35,170,150,180,4.3,4.0,5.0,0.0,1.657917502,410,0,O2,,
315,63,4070,Hn23x,G,5,2Cg,90,120,0.3,0.1,1.0,16,12,25,21,37,30,50,170,150,200,4.3,3.8,5.0,0.0,1.549562258,510,0,O6,,
316,57,10080,kpZg23,G,1,1Apg,0,15,8.0,4.0,15.0,13,8,30,22,35,30,60,150,130,180,5.2,4.8,6.0,0.0,1.213312679,340,1,B8,,
316,57,10080,kpZg23,G,2,1Cg,15,30,2.0,1.0,5.0,18,8,30,26,44,30,60,150,130,180,5.2,4.8,6.0,0.0,1.438486813,340,0,O10,,
316,57,10080,kpZg23,G,3,2Cg1,30,60,0.4,0.1,2.0,4,2,8,18,22,10,35,150,130,180,5.2,4.6,5.5,0.0,1.625547879,410,0,O3,,
316,57,10080,kpZg23,G,4,2Cg2,60,120,0.3,0.1,2.0,3,2,6,10,13,6,35,160,130,180,5.8,4.6,7.0,0.0,1.663029793,410,0,O2,,
317,70,8090,zEZ23,A,1,1Aap,0,25,5.0,3.0,7.0,4,3,8,17,21,15,35,150,130,180,4.6,4.2,5.0,0.0,1.369338679,692,1,B3,,
317,70,8090,zEZ23,A,2,1Aa,25,70,4.5,3.0,7.0,4,3,8,15,19,15,35,150,130,180,4.4,4.0,4.8,0.0,1.392333513,692,1,B3,,
317,70,8090,zEZ23,A,3,1Ahb,70,90,3.3,2.0,7.0,4,3,8,15,19,15,35,150,130,180,4.4,4.0,4.8,0.0,1.436495291,410,1,B3,,
317,70,8090,zEZ23,A,4,1Bhs,90,110,1.6,0.5,5.0,4,3,8,15,19,15,35,150,130,180,4.4,4.0,4.8,0.0,1.580131491,410,0,O3,,
317,70,8090,zEZ23,A,5,1Cu,110,120,0.3,0.1,1.0,4,3,8,15,19,10,35,150,130,180,4.8,4.0,5.0,0.0,1.642201357,410,0,O3,,
318,84,8101,zEZ23t,G,1,1Aap,0,25,6.0,4.0,10.0,5,3,10,23,28,15,40,150,130,180,4.4,4.0,5.0,0.0,1.314155072,692,1,B3,,
318,84,8101,zEZ23t,G,2,1Aa,25,60,5.0,3.0,8.0,5,3,10,23,28,15,40,150,130,180,4.2,3.9,4.8,0.0,1.346719356,692,1,B3,,
318,84,8101,zEZ23t,G,3,1Ahb,60,75,3.6,2.0,8.0,5,3,10,20,25,15,40,150,130,180,4.2,3.9,4.8,0.0,1.406273229,410,1,B3,,
318,84,8101,zEZ23t,G,4,1Bhb,75,90,1.3,0.3,5.0,5,3,10,20,25,10,40,150,130,180,4.3,3.9,4.8,0.0,1.570402647,410,0,O3,,
318,84,8101,zEZ23t,G,5,2Cg,90,120,0.3,0.1,1.0,12,8,20,43,55,45,85,120,100,150,4.3,3.9,4.8,0.0,1.588704831,420,0,O14,,
319,61,4130,cHn23x,G,1,1Aap,0,25,5.6,3.0,10.0,5,3,8,19,24,15,35,150,130,180,4.7,4.5,5.2,0.0,1.340218258,692,1,B3,,
319,61,4130,cHn23x,G,2,1Ahb,25,40,5.0,3.0,10.0,5,3,8,19,24,15,35,150,130,180,4.6,4.5,5.2,0.0,1.36034595,410,1,B3,,
319,61,4130,cHn23x,G,3,1Bhb,40,55,1.8,0.5,5.0,5,3,8,16,21,15,35,150,130,180,4.5,4.2,5.0,0.0,1.563967381,410,0,O3,,
319,61,4130,cHn23x,G,4,1Cg,55,85,0.4,0.1,1.0,5,3,8,16,21,15,35,150,130,180,4.4,4.2,5.0,0.0,1.629621235,410,0,O3,,
319,61,4130,cHn23x,G,5,2Cg,85,120,0.2,0.1,1.0,17,12,25,18,35,30,45,170,150,200,4.3,4.0,5.0,0.0,1.557647658,510,0,O6,,
320,34,4160,gHd30,B,1,1Ah,0,8,6.8,2.0,12.0,2,1,4,6,8,5,15,250,200,400,3.2,2.9,4.0,0.0,1.271442772,410,1,B5,,
320,34,4160,gHd30,B,2,1Eu,8,15,2.3,0.5,5.0,2,1,4,6,8,5,15,250,200,400,3.3,3.0,4.0,0.0,1.488741979,410,0,O5,,
320,34,4160,gHd30,B,3,1Bhs,15,30,4.7,1.0,12.0,2,1,4,6,8,5,15,250,200,400,4.3,4.0,4.8,0.0,1.39690544,410,0,O5,,
320,34,4160,gHd30,B,4,1BCy,30,60,0.9,0.3,2.0,2,1,4,4,6,5,15,250,200,400,4.5,4.0,4.8,0.0,1.55051551,410,0,O5,,
320,34,4160,gHd30,B,5,1Cy,60,120,0.3,0.1,1.0,2,1,4,4,6,5,15,250,200,400,4.8,4.0,4.9,0.0,1.577518993,410,0,O5,,
321,98,10191,kZn30,G,1,1Apg,0,15,6.0,1.0,10.0,20,8,30,15,35,20,60,170,150,180,4.9,4.6,5.5,0.0,1.267537593,340,1,B9,,
321,98,10191,kZn30,G,2,1Cg,15,35,1.8,0.5,5.0,18,8,30,12,30,20,60,170,150,180,4.9,4.6,5.5,0.0,1.445660623,340,0,O10,,
321,98,10191,kZn30,G,3,2Cg,35,120,0.3,0.2,1.5,2,1,4,4,6,4,10,250,200,400,5.0,4.6,5.5,0.0,1.554951708,410,0,O5,,
322,51,8110,zEZ30g,A,1,1Aap,0,25,4.0,3.0,6.0,4,3,6,9,13,9,18,250,200,400,4.6,4.2,5.0,0.0,1.353650968,692,1,B5,,
322,51,8110,zEZ30g,A,2,1Aa,25,60,3.5,2.0,6.0,4,3,6,9,13,9,18,250,200,400,4.3,4.0,4.8,0.0,1.370721368,692,1,B5,,
322,51,8110,zEZ30g,A,3,1Bhb,60,90,1.1,0.3,3.0,3,2,6,7,10,6,18,250,200,400,4.4,4.0,4.8,0.0,1.536297889,410,0,O5,,
322,51,8110,zEZ30g,A,4,1Cu,90,120,0.3,0.1,1.0,3,2,6,5,8,6,18,250,200,400,4.6,4.0,5.0,0.0,1.575031172,410,0,O5,,
323,54,11040,Zn40A,A,1,1Ah,0,25,1.5,0.5,3.0,6,1,8,4,10,3,15,120,100,150,7.4,7.0,7.8,6.0,1.489042511,430,1,B2,,
323,54,11040,Zn40A,A,2,1Cg,25,40,0.8,0.3,2.0,6,1,8,4,10,3,15,120,100,150,7.4,7.0,7.8,6.0,1.595678904,430,0,O2,,
323,54,11040,Zn40A,A,3,1Cu,40,120,0.2,0.1,2.0,6,1,8,4,10,3,15,120,100,150,7.4,7.0,7.8,6.0,1.624292928,430,0,O2,,
324,41,11050,Zn50A,N,1,1Ah,0,5,4.0,0.8,7.0,2,1,6,2,4,2,10,180,150,200,7.0,7.0,7.8,1.0,1.430644095,430,1,B1,,
324,41,11050,Zn50A,N,2,1Cg,5,50,0.2,0.2,1.0,2,1,6,2,4,2,10,180,150,200,7.4,7.0,7.8,1.5,1.674857095,430,0,O1,,
324,41,11050,Zn50A,N,3,1Cg,50,120,0.2,0.2,1.0,2,1,6,2,4,2,10,180,150,200,7.4,7.0,7.8,3.0,1.674857095,430,0,O1,,
325,52,11030,kZn40A,A,1,1Ap,0,30,2.2,1.5,5.0,16,8,25,24,40,30,60,110,100,150,7.4,7.0,7.8,8.0,1.447887854,210,1,B8,,
325,52,11030,kZn40A,A,2,2Cg,30,40,0.8,0.3,2.0,6,1,8,4,10,3,15,120,100,150,7.4,7.0,7.8,7.0,1.595678904,210,0,O2,,
325,52,11030,kZn40A,A,3,2Cg,40,120,0.3,0.1,1.5,6,1,8,4,10,3,15,120,100,150,7.4,7.0,7.8,7.0,1.595678904,210,0,O2,,
326,80,11060,Zn30A,N,1,1Cu,0,120,0.3,0.1,1.0,1,1,4,1,2,2,4,275,200,400,7.4,7.0,7.8,6.0,1.541714483,430,0,O5,,
327,45,8120,EZ50A,A,1,1Aap,0,30,1.5,0.5,4.0,2,2,6,3,5,3,20,200,180,240,7.0,7.0,8.0,2.0,1.514049096,692,1,B1,,
327,45,8120,EZ50A,A,2,1Aa,30,50,1.0,0.5,4.0,2,2,6,3,5,3,20,200,180,240,7.0,7.0,8.0,2.0,1.535436579,692,1,B1,,
327,45,8120,EZ50A,A,3,1Cu,50,120,0.3,0.1,1.0,2,2,6,3,5,3,20,200,180,240,7.0,7.0,8.0,4.0,1.649074985,210,0,O1,,
401,28,13040,MOb75,N,1,1Ahg,0,10,10.0,4.0,20.0,30,12,45,45,75,20,90,80,70,100,7.8,7.5,8.0,9.0,1.030652597,210,1,B10,,
401,28,13040,MOb75,N,2,1Cg,10,35,5.0,2.0,10.0,30,12,45,45,75,20,90,80,70,100,7.8,7.5,8.0,7.0,1.245851177,210,0,O11,,
401,28,13040,MOb75,N,3,1Cri1,35,90,3.0,2.0,10.0,30,12,45,45,75,20,90,80,70,100,7.8,7.5,8.0,7.0,1.315017273,210,0,O11,,
401,28,13040,MOb75,N,4,1Cri3,90,120,1.0,1.0,7.0,12,8,35,18,30,20,70,80,70,100,7.8,7.5,8.0,5.0,1.531933146,210,0,O9,,
402,55,15100,Mv51A,A,1,1Apg,0,25,3.0,2.0,5.0,17,12,25,33,50,30,70,80,70,100,7.0,6.8,7.5,1.8,1.410892373,210,0,O9,,
402,55,15100,Mv51A,A,2,1Cwg,25,40,1.0,0.5,2.0,17,12,25,33,50,30,70,80,70,100,7.3,7.0,7.8,5.0,1.486668302,210,0,O9,,
402,55,15100,Mv51A,A,3,1Cg,40,60,1.0,0.5,2.0,28,12,35,37,65,40,80,80,70,100,7.3,7.0,7.8,4.0,1.395926686,210,0,O11,,
402,55,15100,Mv51A,A,4,2Cw,60,75,45.0,30.0,60.0,45,35,60,35,80,60,95,80,70,100,4.6,4.0,5.0,0.0,0.4,130,0,O17,,
402,55,15100,Mv51A,A,5,2Cu,75,120,85.0,60.0,90.0,45,35,60,35,80,60,95,80,70,100,4.6,4.0,5.0,0.0,0.35,130,0,O17,,
403,89,15120,Mv61C,G,1,1Apg,0,15,10.0,5.0,15.0,23,12,35,37,60,40,80,80,70,100,5.3,5.0,6.5,0.1,1.061082216,210,1,B9,,
403,89,15120,Mv61C,G,2,1Cwg,15,40,3.0,1.0,5.0,23,12,35,37,60,40,80,80,70,100,5.5,5.0,6.5,0.1,1.364961708,210,0,O10,,
403,89,15120,Mv61C,G,3,1Cg,40,60,1.2,0.5,5.0,30,12,35,40,70,40,80,80,70,100,5.5,5.0,6.5,0.1,1.372725151,210,0,O11,,
403,89,15120,Mv61C,G,4,2Cw,60,80,45.0,30.0,60.0,40,12,55,45,85,60,95,80,70,100,4.6,4.0,5.0,0.0,0.4,130,0,O17,,
403,89,15120,Mv61C,G,5,2Cu,80,120,85.0,60.0,90.0,40,12,55,45,85,60,95,80,70,100,4.6,4.0,5.0,0.0,0.35,130,0,O17,,
404,46,16040,Rv01C,G,1,1Ahg,0,8,12.0,4.0,20.0,55,40,70,40,95,90,100,100,90,130,5.0,4.8,6.0,0.1,0.859135176,320,1,B12,,
404,46,16040,Rv01C,G,2,1ACg,8,20,8.0,4.0,15.0,55,40,70,40,95,90,100,100,90,130,5.0,4.8,6.0,0.1,1.00893935,320,1,B12,,
404,46,16040,Rv01C,G,3,1Cwg,20,40,3.0,1.0,10.0,60,40,70,37,97,90,100,100,90,130,5.2,4.8,6.0,0.1,1.136755966,320,0,O13,,
404,46,16040,Rv01C,G,4,1Cg,40,60,3.0,1.0,10.0,65,40,70,34,99,90,100,100,90,130,5.2,4.8,6.0,0.1,1.111640641,320,0,O13,,
404,46,16040,Rv01C,G,5,2Cu,60,120,65.0,40.0,80.0,65,40,70,34,99,90,100,100,90,130,5.2,4.8,5.4,0.1,0.46,130,0,O17,,
405,52,15130,Mv41C,G,1,1Ahg,0,8,12.0,5.0,20.0,40,35,60,55,95,85,100,70,60,100,5.1,4.8,6.0,0.1,0.905521354,210,1,B11,,
405,52,15130,Mv41C,G,2,1ACg,8,20,7.0,2.0,10.0,40,35,60,55,95,85,100,70,60,100,5.1,4.8,6.0,0.1,1.113478292,210,1,B11,,
405,52,15130,Mv41C,G,3,1Cwg,20,50,3.0,1.0,5.0,45,35,60,50,95,85,100,70,60,100,5.1,4.8,6.0,0.1,1.219406189,210,0,O12,,
405,52,15130,Mv41C,G,4,2Cw,50,70,45.0,30.0,60.0,40,35,60,55,95,60,100,80,70,100,4.6,4.0,5.0,0.0,0.4,130,0,O17,,
405,52,15130,Mv41C,G,5,2Cu,70,120,85.0,60.0,90.0,40,35,60,55,95,60,100,80,70,100,4.6,4.0,5.0,0.0,0.35,130,0,O17,,
406,63,15250,Mn15Av,A,1,1Ap,0,25,2.0,1.0,4.0,14,8,18,34,48,25,60,85,70,130,7.1,7.0,7.8,3.0,1.472157921,210,1,B8,,
406,63,15250,Mn15Av,A,2,1Cw,25,50,0.8,0.5,2.0,14,8,18,34,48,25,60,85,70,130,7.1,7.0,7.8,3.0,1.524388819,210,0,O9,,
406,63,15250,Mn15Av,A,3,1Cg1,50,85,0.5,0.5,2.0,9,8,18,26,35,25,60,85,70,130,7.1,7.0,7.8,7.0,1.595029763,210,0,O8,,
406,63,15250,Mn15Av,A,4,1Cg2,85,105,1.0,0.5,2.0,39,8,50,51,90,25,100,85,70,130,7.1,7.0,7.8,1.6,1.315625021,210,0,O12,,
406,63,15250,Mn15Av,A,5,2Cu,105,120,85.0,60.0,90.0,40,35,60,55,95,60,100,80,70,100,4.6,4.0,5.0,0.0,0.38,130,0,O17,,
407,56,15290,Mn25Av,G,1,1Ap1,0,10,5.0,1.0,8.0,22,18,25,43,65,30,70,85,70,130,7.0,6.8,7.8,5.0,1.297245538,210,1,B9,,
407,56,15290,Mn25Av,G,2,1Ap2,10,25,3.6,1.0,5.0,22,18,25,43,65,30,70,85,70,130,7.0,6.8,7.8,6.0,1.351185864,210,1,B9,,
407,56,15290,Mn25Av,G,3,1Cwg,25,50,1.0,0.5,3.0,22,18,25,43,65,30,70,85,70,130,7.3,7.0,7.8,7.0,1.444001617,210,0,O10,,
407,56,15290,Mn25Av,G,4,1Cg,50,105,0.4,0.2,3.0,18,12,25,34,52,30,70,85,70,130,7.3,7.0,7.8,7.0,1.518459774,210,0,O10,,
407,56,15290,Mn25Av,G,5,2Cu,105,120,65.0,60.0,90.0,40,35,60,55,95,60,100,80,70,100,4.6,4.0,5.0,0.0,0.45,130,0,O17,,
408,37,15180,Mn12A,A,1,1Ap,0,25,1.7,1.0,3.0,14,8,18,26,40,30,50,105,70,130,7.3,7.1,7.8,5.0,1.483497303,210,1,B8,,
408,37,15180,Mn12A,A,2,1Cw,25,50,0.8,0.5,2.0,12,8,18,25,37,30,50,110,70,130,7.4,7.1,7.8,7.0,1.54308935,210,0,O9,,
408,37,15180,Mn12A,A,3,1Cg,50,70,0.8,0.5,2.0,8,8,18,13,21,5,50,120,70,130,7.4,7.1,7.8,7.0,1.565222854,210,0,O8,,
408,37,15180,Mn12A,A,4,2Cg,70,120,0.4,0.2,2.0,3,2,10,6,9,5,25,125,70,150,7.4,7.1,7.8,7.0,1.630093921,210,0,O1,,
409,84,17020,KRn1g,G,1,1Apg,0,20,3.0,1.0,3.0,14,8,18,20,34,25,50,170,140,190,5.3,4.3,5.5,0.0,1.43503671,330,1,B8,,
409,84,17020,KRn1g,G,2,1Cwg1,20,40,0.8,0.5,2.0,12,8,18,20,32,25,50,170,140,190,4.6,4.3,5.5,0.0,1.54308935,330,0,O9,,
409,84,17020,KRn1g,G,3,1Cwg2,40,65,0.4,0.2,2.0,20,8,25,32,52,25,60,130,110,190,4.6,4.3,5.5,0.0,1.500347941,330,0,O10,,
409,84,17020,KRn1g,G,4,2Cg,65,120,0.3,0.2,2.0,2,2,12,8,10,6,25,320,200,400,5.0,4.3,5.5,0.3,1.466702332,330,0,O5,,
410,33,15200,Mn22A,A,1,1Ap,0,25,2.0,1.0,3.0,22,18,25,43,65,30,70,110,80,130,7.3,7.1,7.8,5.5,1.406321511,210,1,B9,,
410,33,15200,Mn22A,A,2,1Cw,25,50,0.8,0.5,2.0,22,18,25,43,65,30,70,110,80,130,7.4,7.1,7.8,7.0,1.453909724,210,0,O10,,
410,33,15200,Mn22A,A,3,1Cwg,50,70,0.8,0.5,2.0,13,8,18,22,35,5,50,120,70,130,7.4,7.1,7.8,7.0,1.533682082,210,0,O9,,
410,33,15200,Mn22A,A,4,2Cg,70,120,0.4,0.2,2.0,3,2,10,6,9,5,25,125,70,150,7.4,7.1,7.8,7.0,1.630093921,210,0,O1,,
411,41,17070,KRd7,G,1,1Ap,0,25,3.0,1.0,4.0,23,18,30,47,70,60,85,130,120,160,5.1,4.3,5.5,0.0,1.364961708,330,1,B9,,
411,41,17070,KRd7,G,2,1Bw,25,45,1.5,0.5,3.0,23,18,30,47,70,60,85,130,120,160,4.8,4.3,5.5,0.0,1.415821283,330,0,O10,,
411,41,17070,KRd7,G,3,1Cwg,45,70,0.4,0.2,2.0,34,18,45,56,90,40,95,130,110,190,4.2,4.0,5.5,0.0,1.384730731,330,0,O11,,
411,41,17070,KRd7,G,4,1Cg,70,120,0.3,0.2,2.0,28,25,35,52,80,60,90,140,130,190,4.6,4.3,5.5,0.0,1.442910778,330,0,O11,,
412,79,15220,Mn82A,A,1,1Ap,0,25,2.5,1.0,3.0,33,25,40,44,77,40,90,100,80,120,7.3,7.1,7.8,7.0,1.309874978,210,1,B10,,
412,79,15220,Mn82A,A,2,1Cwg,25,50,1.0,0.5,2.0,30,25,40,42,72,40,90,100,80,120,7.4,7.1,7.8,7.0,1.380605257,210,0,O11,,
412,79,15220,Mn82A,A,3,1Cg,50,70,0.8,0.5,2.0,16,8,18,22,38,5,50,120,70,130,7.4,7.1,7.8,7.0,1.506136119,210,0,O9,,
412,79,15220,Mn82A,A,4,2Cg,70,120,0.4,0.2,2.0,3,2,10,6,9,5,25,125,70,150,7.4,7.1,7.8,7.0,1.630093921,210,0,O1,,
413,45,15450,gMn53C,G,1,1Ap,0,20,3.0,1.0,6.0,18,8,25,32,50,45,80,85,70,100,5.8,4.8,7.0,0.2,1.403023799,210,1,B9,,
413,45,15450,gMn53C,G,2,1Cwg,20,80,1.3,0.5,3.0,44,30,50,51,95,70,100,80,70,100,5.6,4.8,7.0,0.2,1.272149705,210,0,O12,,
413,45,15450,gMn53C,G,3,1Cwg,80,120,0.6,0.5,2.0,17,12,50,33,50,40,100,80,70,100,7.2,6.8,7.4,4.0,1.510066719,210,0,O9,,
414,36,16130,Rn67C,G,1,1Apg1,0,10,6.0,2.0,8.0,28,15,35,47,75,50,90,120,100,150,5.6,5.0,7.0,0.1,1.218425662,320,1,B10,,
414,36,16130,Rn67C,G,2,1Apg2,10,20,4.0,2.0,6.0,28,15,35,47,75,50,90,120,100,150,5.6,5.0,7.0,0.1,1.295152409,320,1,B10,,
414,36,16130,Rn67C,G,3,1Cwg,20,50,0.9,0.5,4.0,32,15,40,53,85,50,90,120,100,150,5.6,5.4,7.0,0.1,1.369862584,320,0,O11,,
414,36,16130,Rn67C,G,4,1Cg1,50,100,1.8,0.5,3.0,56,25,70,39,95,90,100,100,90,150,6.0,5.5,6.5,0.2,1.186555922,320,0,O13,,
414,36,16130,Rn67C,G,5,1Cg2,100,120,0.6,0.5,3.0,22,10,35,22,44,30,70,135,90,150,6.3,6.0,7.5,0.3,1.466066293,320,0,O10,,
415,28,15360,Mn45A,A,1,1Ap,0,25,3.5,1.0,6.0,40,35,50,52,92,80,100,85,70,100,7.2,6.8,7.8,3.0,1.235072286,210,1,B11,,
415,28,15360,Mn45A,A,2,1Cwg,25,60,1.5,0.5,3.0,45,35,50,47,92,80,100,85,70,100,7.3,6.8,7.8,4.0,1.259836435,210,0,O12,,
415,28,15360,Mn45A,A,3,1Cg1,60,90,1.5,0.5,3.0,33,25,50,37,70,60,100,85,70,100,7.3,6.8,7.8,4.0,1.340385848,210,0,O11,,
415,28,15360,Mn45A,A,4,1Cg2,90,120,0.8,0.5,3.0,30,25,50,35,65,50,100,85,70,100,7.3,6.8,7.8,4.0,1.389659738,210,0,O11,,
416,59,15240,Mn15A,A,1,1Ap,0,25,2.0,1.0,3.0,14,8,18,34,48,25,60,85,70,130,7.4,7.1,7.8,4.5,1.472157921,210,1,B8,,
416,59,15240,Mn15A,A,2,1Cw,25,50,0.8,0.5,2.0,14,8,18,34,48,25,60,85,70,130,7.4,7.1,7.8,5.0,1.524388819,210,0,O9,,
416,59,15240,Mn15A,A,3,1Cg,50,120,0.7,0.2,2.0,9,4,18,26,35,25,60,85,70,130,7.4,7.1,7.8,7.5,1.578689163,210,0,O8,,
417,50,16210,Rn15C,G,1,1Ap,0,25,4.0,2.0,6.0,15,8,18,20,35,25,55,170,150,210,5.2,5.0,6.5,0.1,1.388050463,320,1,B8,,
417,50,16210,Rn15C,G,2,1Cw,25,45,1.0,0.5,3.0,15,8,18,20,35,25,55,170,150,210,5.5,5.0,6.5,0.1,1.504449409,320,0,O9,,
417,50,16210,Rn15C,G,3,1Cg,45,120,0.7,0.5,3.0,18,8,25,24,42,25,55,170,150,210,5.5,5.0,6.5,0.1,1.494294963,320,0,O10,,
418,53,15270,Mn25A,A,1,1Ap,0,25,2.0,1.0,4.0,22,18,25,43,65,30,70,95,70,130,7.4,7.1,7.8,7.0,1.406321511,210,1,B9,,
418,53,15270,Mn25A,A,2,1Cw,25,50,1.2,0.5,2.0,22,18,25,43,65,30,70,95,70,130,7.4,7.1,7.8,7.0,1.435383457,210,0,O10,,
418,53,15270,Mn25A,A,3,1Cg,50,120,0.6,0.2,2.0,14,8,18,34,48,25,60,85,70,130,7.4,7.1,7.8,8.0,1.537757965,210,0,O9,,
419,55,16090,Rn95A,A,1,1Ap,0,25,3.0,1.0,4.0,23,18,35,37,60,40,75,150,130,180,7.1,6.5,7.5,1.6,1.364961708,320,1,B9,,
419,55,16090,Rn95A,A,2,1Cwg,25,50,0.8,0.5,4.0,23,18,35,37,60,40,75,150,130,180,7.1,6.5,7.5,3.0,1.445555438,320,0,O10,,
419,55,16090,Rn95A,A,3,1Cg1,50,90,0.6,0.3,2.0,29,18,35,36,65,40,75,150,130,180,7.1,6.5,7.5,3.0,1.408604667,320,0,O11,,
419,55,16090,Rn95A,A,4,1Cg2,90,120,0.4,0.3,2.0,16,8,35,18,34,25,75,150,130,180,7.3,6.5,7.5,7.0,1.537014234,320,0,O9,,
420,100,15060,pMn85A,G,1,1Apg,0,20,11.0,5.0,15.0,32,25,40,38,70,40,95,80,70,100,6.6,6.3,7.8,0.9,0.977157464,210,1,B10,,
420,100,15060,pMn85A,G,2,1ACg,20,40,4.0,1.0,8.0,35,25,40,40,75,40,95,80,70,100,7.1,6.8,7.8,1.9,1.250101723,210,1,B10,,
420,100,15060,pMn85A,G,3,1Cwg,40,70,1.1,0.5,5.0,40,25,50,45,85,40,95,80,70,100,7.1,6.8,7.8,3.0,1.305138557,210,0,O12,,
420,100,15060,pMn85A,G,4,1Cg,70,120,0.7,0.2,3.0,25,20,40,35,60,30,95,80,70,100,7.1,6.8,7.8,8.0,1.434644238,210,0,O11,,
421,77,15320,Mn35A,A,1,1Ap,0,25,2.5,1.0,4.0,30,25,35,45,75,50,90,85,70,100,7.3,7.1,7.8,7.0,1.330660236,210,1,B10,,
421,77,15320,Mn35A,A,2,1Cw,25,40,1.2,0.5,3.0,30,25,35,45,75,50,90,85,70,100,7.4,7.1,7.8,8.0,1.372725151,210,0,O11,,
421,77,15320,Mn35A,A,3,1Cg1,40,80,0.8,0.5,3.0,28,12,40,44,72,50,90,85,70,100,7.4,7.1,7.8,8.0,1.405183922,210,0,O11,,
421,77,15320,Mn35A,A,4,1Cg2,80,120,0.7,0.5,3.0,15,8,40,23,38,30,90,85,70,100,7.4,7.1,7.8,8.0,1.5214056,210,0,O9,,
422,56,16160,Rn47C,G,1,1Ap1,0,8,6.0,2.0,10.0,40,35,50,45,85,60,95,140,110,170,5.5,5.0,6.0,0.1,1.151501648,320,1,B11,,
422,56,16160,Rn47C,G,2,1Apg,8,15,3.0,2.0,8.0,40,35,50,45,85,60,95,140,110,170,5.5,5.0,6.0,0.1,1.24969338,320,1,B11,,
422,56,16160,Rn47C,G,3,1Cwg,15,30,1.6,1.0,5.0,45,35,60,45,90,60,100,140,110,170,5.5,5.0,6.0,0.1,1.256999974,320,0,O12,,
422,56,16160,Rn47C,G,4,1Cg1,30,80,1.6,1.0,5.0,52,35,60,43,95,60,100,140,110,170,5.5,5.0,6.0,0.1,1.214520863,320,0,O13,,
422,56,16160,Rn47C,G,5,1Cg2,80,120,0.6,0.3,2.0,27,15,40,27,54,40,80,140,110,170,5.5,5.0,6.0,4.0,1.424557442,320,0,O11,,
501,100,22011,KT,G,1,1Apg,0,15,4.0,2.0,6.0,20,10,40,25,45,30,70,170,140,180,5.0,4.5,5.5,0.0,1.35078566,691,1,B9,,
501,100,22011,KT,G,2,1Cg1,15,40,0.8,0.5,2.0,22,10,60,27,49,30,70,140,130,180,4.0,3.6,5.5,0.0,1.453909724,691,0,O10,,
501,100,22011,KT,G,3,1Cg2,40,120,0.2,0.1,2.0,41,10,60,29,70,30,80,80,70,140,3.8,3.6,5.5,0.0,1.35612765,691,0,O12,,
502,100,22010,KX,G,1,1Apg,0,15,4.0,2.0,6.0,10,4,16,22,32,20,45,170,150,190,5.0,4.5,5.5,0.0,1.427429683,510,1,B6,,
502,100,22010,KX,G,2,1Cg1,15,40,0.8,0.5,2.0,14,4,20,16,30,20,45,170,150,190,4.8,4.5,5.5,0.0,1.524388819,510,0,O6,,
502,100,22010,KX,G,3,1Cg2,40,120,0.3,0.1,2.0,22,4,25,18,40,20,45,170,150,190,3.9,3.6,5.5,0.0,1.494335994,510,0,O6,,
503,100,22020,KK,A,1,1Ap,0,25,4.0,2.0,5.0,40,30,60,45,85,70,90,125,100,140,6.5,5.8,7.5,0.0,1.219794975,691,1,B11,,
503,100,22020,KK,A,2,1Cw,25,45,0.3,0.5,3.0,60,50,70,32,92,80,98,90,70,130,7.0,5.8,7.5,0.8,1.219150101,691,0,O13,,
503,100,22020,KK,A,3,1Cu,45,120,0.2,0.1,2.0,60,50,70,32,92,80,98,90,70,130,7.0,5.8,7.5,2.0,1.230135297,691,0,O13,,
504,51,18020,Ln5,G,1,1Apg,0,25,3.0,1.0,5.0,10,8,14,45,55,45,60,125,100,140,5.3,4.5,5.5,0.0,1.468544615,430,1,B13,,
504,51,18020,Ln5,G,2,1Cw,25,90,0.3,0.1,1.0,12,8,20,53,65,45,70,110,100,140,4.7,4.5,5.5,0.0,1.588704831,430,0,O14,,
504,51,18020,Ln5,G,3,2Cg,90,120,0.3,0.2,2.0,4,2,8,11,15,10,35,170,140,190,4.7,4.5,5.5,0.0,1.655071893,410,0,O2,,
505,52,5010,BLd5,A,1,1Ap,0,20,2.5,1.0,4.0,10,8,15,70,80,70,85,130,100,180,5.4,4.5,6.0,0.0,1.488080539,420,1,B13,,
505,52,5010,BLd5,A,2,1Eu,20,50,1.0,0.5,2.0,10,8,15,70,80,70,85,100,80,180,4.3,4.0,5.0,0.0,1.550820384,420,0,O14,,
505,52,5010,BLd5,A,3,1Bt,50,80,0.3,0.1,1.0,14,10,17,71,85,80,90,80,70,130,4.3,4.0,5.0,0.0,1.568889439,420,0,O15,,
505,52,5010,BLd5,A,4,1Cu,80,120,0.3,0.1,1.0,12,10,17,58,70,65,80,80,70,120,4.3,4.0,5.0,0.0,1.588704831,420,0,O14,,
506,46,18030,Ld5g,A,1,1Ap,0,25,2.5,1.0,4.0,10,8,14,60,70,50,70,130,110,150,6.0,5.5,6.5,0.0,1.488080539,430,1,B13,,
506,46,18030,Ld5g,A,2,1Cw,25,90,0.5,0.3,2.0,10,8,14,60,70,50,80,130,110,150,6.0,5.5,6.5,0.0,1.5849806,430,0,O14,,
506,46,18030,Ld5g,A,3,2Cg,90,120,0.3,0.2,2.0,3,2,8,5,8,6,20,300,200,400,4.7,4.5,5.5,0.0,1.498773084,330,0,O5,,
507,44,18050,Ldh6,A,1,1Ap,0,25,2.5,1.0,5.0,17,10,20,76,93,85,98,110,90,140,6.2,5.8,7.4,0.2,1.428915107,430,1,B14,,
507,44,18050,Ldh6,A,2,1Cw,25,60,0.6,0.3,2.0,17,10,20,76,93,85,98,110,90,140,7.0,6.0,7.4,0.2,1.510066719,430,0,O15,,
507,44,18050,Ldh6,A,3,1Cu,60,120,0.3,0.1,2.0,17,10,40,79,96,85,98,110,90,140,7.0,6.0,7.4,0.2,1.540076144,430,0,O15,,
